UniqueCustomerID;FullCustomerName; Industry;Email
AR93242;770 FRUITS SA;33;770@gmail.com
AR93243;AGROINTER FOODS;33;AGROINTER@gmail.com
AR93244;AIR LIQUIDE ARGENTINA SA;44;AIR@gmail.com
AR93245;ALIMENTOS TANDIL SA;33;ALIMENTOS@gmail.com
AR93246;ALL FOOD SA;33;ALL@gmail.com
AR93247;CAFES LA VIRGINIA SA;33;CAFES@gmail.com
AR93248;EMBASSY OF CHINA PR;44;EMBASSY@gmail.com
AR93249;ENERGIZER ARGENTINA S.A.;55;ENERGIZER@gmail.com
AR93250;FALABELLA SA;44;FALABELLA@gmail.com
AR93251;FERRERO ARGENTINA SA;33;FERRERO@gmail.com
AR93252;PFIZER ARGENTINA S.R.L;55;PFIZER@gmail.com
AR93253;PROCESADORA SERVICONF SRL;55;PROCESADORA@gmail.com
AR93254;PUENTE BLANCO;55;PUENTE@gmail.com
AR93255;REFINERIA SUDAMERICANA SA;55;REFINERIA@gmail.com
AR75724;954 LINCOLN SA;55;954@gmail.com
AR75725;A&S LOGISTICS SA;33;A&S@gmail.com
AR75726;ARCOR SAIC;33;ARCOR@gmail.com
AR75727;ARCOS DORADOS SA;33;ARCOS@gmail.com
AR75728;ASOCIACION ISRAELITA ARGENTINA;11;ASOCIACION@gmail.com
AR75729;COMPANIA BERNAL SA;11;COMPANIA@gmail.com
AR75730;EUROLIFT SA;11;EUROLIFT@gmail.com
AR75731;NEWSAN SA;11;NEWSAN@gmail.com
AR75732;PORTLAND LOGISTIC SRL;11;PORTLAND@gmail.com
AR75733;ACA BIO COOPERATIVA LIMITADA;11;ACA@gmail.com
AR75734;ADECO AGROPECUARIA SRL;11;ADECO@gmail.com
AR75735;ADHESIVOS INDUSTRIALES SRL;11;ADHESIVOS@gmail.com
AR75736;ADIDAS ARGENTINA S.A.;11;ADIDAS@gmail.com
AR75737;AEROCARGAS ARGENTINAS SA;11;AEROCARGAS@gmail.com
AR75738;AEROLINEAS ARGENTINAS SOCIEDAD ANONIMA;11;AEROLINEAS@gmail.com
AR75739;AGRANA FRUIT ARGENTINA SA;11;AGRANA@gmail.com
AR75740;AGROFINA S A;33;AGROFINA@gmail.com
AR75741;ALMAR GROUP S.R.L.;33;ALMAR@gmail.com
AR75742;ANTARTIC LOGISTIC SRL;33;ANTARTIC@gmail.com
AR75743;ARPAFLU;33;ARPAFLU@gmail.com
AR75744;ARRE BEEF SA;33;ARRE@gmail.com
AR75745;BAIRESPACK S A;33;BAIRESPACK@gmail.com
AR75746;BAKELS ARGENTINA SA;33;BAKELS@gmail.com
AR75747;BALBISA;33;BALBISA@gmail.com
AR75748;BLU LOGISTICS ARGENTINA SA;33;BLUS@gmail.com
AR75749;CARTOCOR SA;11;CARTOCOR@gmail.com
AR75750;CONO SA;11;CONO@gmail.com
AR75751;DANONE ARGENTINA SA;11;DANONE@gmail.com
AR75752;DHL GLOBAL FORWARDING ARGENTINA SA;11;DHL@gmail.com
AR75753;EARLY CROP SA;11;EARLYCROPS@gmail.com
AR75754;EGAL EXPORT SA;44;EGAL@gmail.com
AR75755;FRIGORIFICO MONTECARLO SA;44;FRIGORMONTECARLO@gmail.com
AR75756;GALDERMA ARGENTINA SA;44;GALDERMA@gmail.com
AR75757;GF SA;44;GF@gmail.com
AR75758;JUAN CARLOS VEGA;44;JUANCARLOS@gmail.com
AR75759;JUAN FRANCISCO PEREZ BENGINO;44;JUANFRANCISCO@gmail.com
AR75760;JUST INTERNATIONAL LATAM SA;44;JUST@gmail.com
AR75761;KIMBERLY CLARK ARGENTINA SA;44;KIMBERLY@gmail.com
AR75762;KUEHNE & NAGEL SA;44;KUEHNE@gmail.com
AR75763;LABORATORIO ELEA PHOENIX SA;44;LABORATORIO@gmail.com
AR75764;LA SALTENA SA;33;SALTENA@gmail.com
AR75765;LA SIBILA SA;33;SIBILA@gmail.com
AR75766;LOCKSLEY SRL;11;LOCKSLEY@gmail.com
AR75767;MAKRO SOCIEDAD ANONIMA;22;MAKRO@gmail.com
AR75768;MERCOVAN ARGENTINA SRL;44;MERCOVAN@gmail.com
AR75769;METALCROM SA;44;METALCROM@gmail.com
AR75770;MOLINAS ARGENTINA S.R.L.;44;MOLINAS@gmail.com
AR75771;MOLINOS RIO DE LA PLATA SA;33;MOLINOS@gmail.com
AR75772;MONDELEZ ARGENTINA SOCIEDAD ANONIMA;33;MONDELEZ@gmail.com
AR75773;MONTE VERDE SA;22;MONTE@gmail.com
AR75774;PANAMERICAN CARGO SA;22;PANAMERICAN@gmail.com
AR75775;PATAGONIA SUNRISE;22;PATAGONIA@gmail.com
AR75776;PEUGEOT CITROEN ARGENTINA SA;22;PEUGEOT@gmail.com
AR75777;RENO ARGENTINA SA;22;RENO@gmail.com
AR75778;R Y C COMMERCIAL SA;22;R@gmail.com
AR75779;SA VERACRUZ;22;SA@gmail.com
AR75780;SCHNEIDER ELECTRIC ARGENTINA SA;22;SCHNEIDER@gmail.com
AR75781;SWAN LOGISTICS SA;22;SWAN@gmail.com
AR75782;TRADING SUR SA;55;TRADING@gmail.com
AR75783;TRANSMARITIMA SA;55;TRANSMARITIMA@gmail.com
AR75784;VETIFARMA SA;33;VETIFARMA@gmail.com
AR75785;VICTOR HUGO UBALDO ALFIERI;55;VICTOR@gmail.com
AR75786;WAIVER SRL;55;WAIVER@gmail.com