CountryCodeOrigin;CountryOriginName;PortNameOrigin
1;Argentina;Terminal 4
2;Grecia;Pireo
3;Paises Bajos;Rotterdam
4;Alemania;Hamburgo
5;Italia;Livorno
6;Turquia;Mersin
7;Uruguay;Cuenca del Plata
8;Chile;Valparaiso
9;Dinamarca;Copenhague Port
10;Arabia Saudita;Riyadh Port
11;China;Shanghai
12;Estados Unidos;Los Angeles
13;Japon;Yokohama
14;Corea del Sur;Busan
15;Singapur;Singapur
16;Espana;Algeciras
17;Emiratos A+B7rabes Unidos;Dubai
18;India;Mumbai
19;Malasia;Port Klang
20;Reino Unido;Felixstowe
21;Belgica;Amberes
22;Canada;Vancouver
23;Francia;Le Havre
24;Mexico;Manzanillo
25;Indonesia;Tanjung Priok
26;Australia;Sidney
27;Brasil;Santos
28;Rusia;San Petersburgo
29;Tailandia;Laem Chabang
30;Noruega;Oslo